"26368","3205","507","2024-12-16 21:45:41","a:1:{i:804;s:9:""Orac'List"";}",NULL
"27136","2599","507","2024-12-16 22:40:43","a:1:{i:804;s:9:""Orac'List"";}",NULL
"27392","2970","507","2024-12-16 23:48:21","a:1:{i:804;s:27:""Loups-Garous de Thiercelist"";}",NULL
"27393","3201","507","2024-12-16 23:48:24","a:1:{i:804;s:27:""Loups-Garous de Thiercelist"";}",NULL
"27649","1802","507","2024-12-17 08:32:57","a:1:{i:804;s:5:""Blanc"";}",NULL
"27394","2605","507","2024-12-16 23:48:46","a:1:{i:804;s:9:""Orac'List"";}",NULL
"27651","2669","507","2024-12-17 08:33:57","a:1:{i:804;s:9:""Orac'List"";}",NULL
"26372","2990","507","2024-12-16 21:45:44","a:1:{i:804;s:27:""Loups-Garous de Thiercelist"";}",NULL
"26628","2331","507","2024-12-16 21:54:09","a:1:{i:804;s:27:""Loups-Garous de Thiercelist"";}",NULL
"26629","2944","507","2024-12-16 21:54:10","a:1:{i:804;s:9:""Orac'List"";}",NULL
"27141","2518","507","2024-12-16 22:41:39","a:1:{i:804;s:27:""Loups-Garous de Thiercelist"";}",NULL
"27397","2077","507","2024-12-16 23:51:24","a:1:{i:804;s:9:""Orac'List"";}",NULL
"27142","3083","507","2024-12-16 22:41:55","a:1:{i:804;s:9:""Orac'List"";}",NULL
"27654","2513","507","2024-12-17 08:34:53","a:1:{i:804;s:9:""Orac'List"";}",NULL
"26631","2928","507","2024-12-16 21:54:15","a:1:{i:804;s:9:""Orac'List"";}",NULL
"26887","2086","507","2024-12-16 22:14:06","a:1:{i:804;s:27:""Loups-Garous de Thiercelist"";}",NULL
"26632","2562","507","2024-12-16 21:54:18","a:1:{i:804;s:9:""Orac'List"";}",NULL
"26888","1792","507","2024-12-16 22:14:06","a:1:{i:804;s:9:""Orac'List"";}",NULL
"27400","3050","507","2024-12-16 23:55:34","a:1:{i:804;s:27:""Loups-Garous de Thiercelist"";}",NULL
"27656","2657","507","2024-12-17 08:36:24","a:1:{i:804;s:9:""Orac'List"";}",NULL
"26889","3124","507","2024-12-16 22:14:21","a:1:{i:804;s:9:""Orac'List"";}",NULL
"27145","1917","507","2024-12-16 22:42:51","a:1:{i:804;s:9:""Orac'List"";}",NULL
"27401","2544","507","2024-12-16 23:58:09","a:1:{i:804;s:27:""Loups-Garous de Thiercelist"";}",NULL
"26890","2967","507","2024-12-16 22:14:21","a:1:{i:804;s:9:""Orac'List"";}",NULL
"27658","2494","507","2024-12-17 08:37:20","a:1:{i:804;s:9:""Orac'List"";}",NULL
"26379","2095","507","2024-12-16 21:46:00","a:1:{i:804;s:27:""Loups-Garous de Thiercelist"";}",NULL
"27659","1743","507","2024-12-17 08:37:27","a:1:{i:804;s:9:""Orac'List"";}",NULL
"27148","2591","507","2024-12-16 22:42:59","a:1:{i:804;s:9:""Orac'List"";}",NULL
"26637","2542","507","2024-12-16 21:54:36","a:1:{i:804;s:9:""Orac'List"";}",NULL
"27149","3080","507","2024-12-16 22:43:01","a:1:{i:804;s:27:""Loups-Garous de Thiercelist"";}",NULL
"27405","3057","507","2024-12-16 23:59:31","a:1:{i:804;s:27:""Loups-Garous de Thiercelist"";}",NULL
"27662","2054","507","2024-12-17 08:38:30","a:1:{i:804;s:9:""Orac'List"";}",NULL
"26384","3109","507","2024-12-16 21:46:07","a:1:{i:804;s:27:""Loups-Garous de Thiercelist"";}",NULL
"26896","2976","507","2024-12-16 22:14:43","a:1:{i:804;s:9:""Orac'List"";}",NULL
"27152","2185","507","2024-12-16 22:43:13","a:1:{i:804;s:9:""Orac'List"";}",NULL
"27408","2492","507","2024-12-17 00:00:27","a:1:{i:804;s:9:""Orac'List"";}",NULL
"26385","2342","507","2024-12-16 21:46:08","a:1:{i:804;s:27:""Loups-Garous de Thiercelist"";}",NULL
"26641","3013","507","2024-12-16 21:54:43","a:1:{i:804;s:27:""Loups-Garous de Thiercelist"";}",NULL
"26897","1832","507","2024-12-16 22:14:44","a:1:{i:804;s:27:""Loups-Garous de Thiercelist"";}",NULL
"27153","3035","507","2024-12-16 22:43:20","a:1:{i:804;s:9:""Orac'List"";}",NULL
"27409","3166","507","2024-12-17 00:00:31","a:1:{i:804;s:27:""Loups-Garous de Thiercelist"";}",NULL
"27666","3022","507","2024-12-17 08:38:51","a:1:{i:804;s:27:""Loups-Garous de Thiercelist"";}",NULL
"27155","2066","507","2024-12-16 22:43:32","a:1:{i:804;s:9:""Orac'List"";}",NULL
"27667","2577","507","2024-12-17 08:38:58","a:1:{i:804;s:9:""Orac'List"";}",NULL
"26900","3198","507","2024-12-16 22:15:09","a:1:{i:804;s:9:""Orac'List"";}",NULL
"26645","2901","507","2024-12-16 21:54:47","a:1:{i:804;s:27:""Loups-Garous de Thiercelist"";}",NULL
"26646","3154","507","2024-12-16 21:54:48","a:1:{i:804;s:27:""Loups-Garous de Thiercelist"";}",NULL
"27414","3229","507","2024-12-17 00:06:23","a:1:{i:804;s:9:""Orac'List"";}",NULL
"27415","3130","507","2024-12-17 00:07:23","a:1:{i:804;s:27:""Loups-Garous de Thiercelist"";}",NULL
"26648","3041","507","2024-12-16 21:54:57","a:1:{i:804;s:27:""Loups-Garous de Thiercelist"";}",NULL
"27416","2679","507","2024-12-17 00:07:36","a:1:{i:804;s:9:""Orac'List"";}",NULL
"26393","2707","507","2024-12-16 21:46:20","a:1:{i:804;s:9:""Orac'List"";}",NULL
"26905","2456","507","2024-12-16 22:15:49","a:1:{i:804;s:9:""Orac'List"";}",NULL
"27673","2583","507","2024-12-17 08:40:25","a:1:{i:804;s:9:""Orac'List"";}",NULL
"26651","2274","507","2024-12-16 21:55:04","a:1:{i:804;s:9:""Orac'List"";}",NULL
"26907","3090","507","2024-12-16 22:15:51","a:1:{i:804;s:9:""Orac'List"";}",NULL
"27163","3018","507","2024-12-16 22:44:16","a:1:{i:804;s:9:""Orac'List"";}",NULL
"26396","3175","507","2024-12-16 21:46:24","a:1:{i:804;s:9:""Orac'List"";}",NULL
"26908","2953","507","2024-12-16 22:15:51","a:1:{i:804;s:27:""Loups-Garous de Thiercelist"";}",NULL
"27164","2474","507","2024-12-16 22:44:18","a:1:{i:804;s:27:""Loups-Garous de Thiercelist"";}",NULL
"27676","2664","507","2024-12-17 08:41:06","a:1:{i:804;s:9:""Orac'List"";}",NULL
"27421","3151","507","2024-12-17 00:10:20","a:1:{i:804;s:9:""Orac'List"";}",NULL
"27166","3059","507","2024-12-16 22:44:28","a:1:{i:804;s:9:""Orac'List"";}",NULL
"26911","3164","507","2024-12-16 22:16:42","a:1:{i:804;s:9:""Orac'List"";}",NULL
"26656","2534","507","2024-12-16 21:55:19","a:1:{i:804;s:9:""Orac'List"";}",NULL
"27680","2567","507","2024-12-17 08:42:05","a:1:{i:804;s:9:""Orac'List"";}",NULL
"27425","3017","507","2024-12-17 00:11:01","a:1:{i:804;s:9:""Orac'List"";}",NULL
"27681","2466","507","2024-12-17 08:42:13","a:1:{i:804;s:9:""Orac'List"";}",NULL
"27426","2684","507","2024-12-17 00:11:07","a:1:{i:804;s:9:""Orac'List"";}",NULL
"27171","1702","507","2024-12-16 22:46:48","a:1:{i:804;s:9:""Orac'List"";}",NULL
"27427","2500","507","2024-12-17 00:11:10","a:1:{i:804;s:9:""Orac'List"";}",NULL
"26660","2268","507","2024-12-16 21:55:32","a:1:{i:804;s:9:""Orac'List"";}",NULL
"27684","3179","507","2024-12-17 08:43:30","a:1:{i:804;s:9:""Orac'List"";}",NULL
"26661","2736","507","2024-12-16 21:55:36","a:1:{i:804;s:9:""Orac'List"";}",NULL
"26917","3169","507","2024-12-16 22:17:28","a:1:{i:804;s:9:""Orac'List"";}",NULL
"27173","1874","507","2024-12-16 22:47:39","a:1:{i:804;s:9:""Orac'List"";}",NULL
"26662","2546","507","2024-12-16 21:55:36","a:1:{i:804;s:9:""Orac'List"";}",NULL
"27686","2943","507","2024-12-17 08:43:50","a:1:{i:804;s:9:""Orac'List"";}",NULL
"26407","2644","507","2024-12-16 21:46:35","a:1:{i:804;s:9:""Orac'List"";}",NULL
"26919","2554","507","2024-12-16 22:17:41","a:1:{i:804;s:9:""Orac'List"";}",NULL
"27175","3077","507","2024-12-16 22:48:25","a:1:{i:804;s:27:""Loups-Garous de Thiercelist"";}",NULL
"26920","2635","507","2024-12-16 22:18:09","a:1:{i:804;s:27:""Loups-Garous de Thiercelist"";}",NULL
"27176","2927","507","2024-12-16 22:48:32","a:1:{i:804;s:9:""Orac'List"";}",NULL
"26409","2896","507","2024-12-16 21:46:39","a:1:{i:804;s:9:""Orac'List"";}",NULL
"27433","3191","507","2024-12-17 00:16:08","a:1:{i:804;s:9:""Orac'List"";}",NULL
"27689","2507","507","2024-12-17 08:45:17","a:1:{i:804;s:9:""Orac'List"";}",NULL
"26410","2651","507","2024-12-16 21:46:41","a:1:{i:804;s:27:""Loups-Garous de Thiercelist"";}",NULL
"26668","2954","507","2024-12-16 21:55:51","a:1:{i:804;s:9:""Orac'List"";}",NULL
"26924","2457","507","2024-12-16 22:18:48","a:1:{i:804;s:9:""Orac'List"";}",NULL
"27180","3099","507","2024-12-16 22:48:52","a:1:{i:804;s:27:""Loups-Garous de Thiercelist"";}",NULL
"27436","2406","507","2024-12-17 00:18:08","a:1:{i:804;s:27:""Loups-Garous de Thiercelist"";}",NULL
"26413","2175","507","2024-12-16 21:46:43","a:1:{i:804;s:27:""Loups-Garous de Thiercelist"";}",NULL
"26925","2346","507","2024-12-16 22:18:50","a:1:{i:804;s:27:""Loups-Garous de Thiercelist"";}",NULL
"26926","2090","507","2024-12-16 22:18:55","a:1:{i:804;s:27:""Loups-Garous de Thiercelist"";}",NULL
"27438","2574","507","2024-12-17 00:20:58","a:1:{i:804;s:9:""Orac'List"";}",NULL
"27694","2689","507","2024-12-17 08:50:00","a:1:{i:804;s:9:""Orac'List"";}",NULL
"26415","3100","507","2024-12-16 21:46:45","a:1:{i:804;s:9:""Orac'List"";}",NULL
"27695","1752","507","2024-12-17 08:50:04","a:1:{i:804;s:9:""Orac'List"";}",NULL
"26672","3152","507","2024-12-16 21:55:59","a:1:{i:804;s:9:""Orac'List"";}",NULL
"26673","2920","507","2024-12-16 21:56:03","a:1:{i:804;s:27:""Loups-Garous de Thiercelist"";}",NULL
"27185","3159","507","2024-12-16 22:49:09","a:1:{i:804;s:9:""Orac'List"";}",NULL
"27441","2578","507","2024-12-17 00:24:15","a:1:{i:804;s:27:""Loups-Garous de Thiercelist"";}",NULL
"26930","2982","507","2024-12-16 22:19:04","a:1:{i:804;s:9:""Orac'List"";}",NULL
"27698","2596","507","2024-12-17 08:50:30","a:1:{i:804;s:27:""Loups-Garous de Thiercelist"";}",NULL
"26675","2515","507","2024-12-16 21:56:05","a:1:{i:804;s:9:""Orac'List"";}",NULL
"27443","1776","507","2024-12-17 00:25:13","a:1:{i:804;s:9:""Orac'List"";}",NULL
"27699","2673","507","2024-12-17 08:52:01","a:1:{i:804;s:9:""Orac'List"";}",NULL
"26676","1815","507","2024-12-16 21:56:06","a:1:{i:804;s:27:""Loups-Garous de Thiercelist"";}",NULL
"26677","2581","507","2024-12-16 21:56:07","a:1:{i:804;s:9:""Orac'List"";}",NULL
"27189","2620","507","2024-12-16 22:49:40","a:1:{i:804;s:27:""Loups-Garous de Thiercelist"";}",NULL
"27445","2723","507","2024-12-17 00:27:18","a:1:{i:804;s:9:""Orac'List"";}",NULL
"26678","2147","507","2024-12-16 21:56:09","a:1:{i:804;s:27:""Loups-Garous de Thiercelist"";}",NULL
"26423","2146","507","2024-12-16 21:47:06","a:1:{i:804;s:9:""Orac'List"";}",NULL
"26935","3062","507","2024-12-16 22:19:25","a:1:{i:804;s:9:""Orac'List"";}",NULL
"27191","3046","507","2024-12-16 22:50:09","a:1:{i:804;s:9:""Orac'List"";}",NULL
"26424","2940","507","2024-12-16 21:47:07","a:1:{i:804;s:9:""Orac'List"";}",NULL
"26680","2236","507","2024-12-16 21:56:12","a:1:{i:804;s:9:""Orac'List"";}",NULL
"27192","2461","507","2024-12-16 22:50:15","a:1:{i:804;s:27:""Loups-Garous de Thiercelist"";}",NULL
"27448","2934","507","2024-12-17 00:28:31","a:1:{i:804;s:9:""Orac'List"";}",NULL
"27704","2645","507","2024-12-17 08:54:53","a:1:{i:804;s:27:""Loups-Garous de Thiercelist"";}",NULL
"26425","3200","507","2024-12-16 21:47:08","a:1:{i:804;s:27:""Loups-Garous de Thiercelist"";}",NULL
"26937","2650","507","2024-12-16 22:19:30","a:1:{i:804;s:9:""Orac'List"";}",NULL
"26426","2924","507","2024-12-16 21:47:09","a:1:{i:804;s:27:""Loups-Garous de Thiercelist"";}",NULL
"27706","2135","507","2024-12-17 08:55:12","a:1:{i:804;s:9:""Orac'List"";}",NULL
"26683","2548","507","2024-12-16 21:56:15","a:1:{i:804;s:9:""Orac'List"";}",NULL
"27452","2156","507","2024-12-17 00:36:30","a:1:{i:804;s:27:""Loups-Garous de Thiercelist"";}",NULL
"26429","2685","507","2024-12-16 21:47:16","a:1:{i:804;s:9:""Orac'List"";}",NULL
"26941","3051","507","2024-12-16 22:19:52","a:1:{i:804;s:9:""Orac'List"";}",NULL
"26430","2987","507","2024-12-16 21:47:16","a:1:{i:804;s:9:""Orac'List"";}",NULL
"27198","2489","507","2024-12-16 22:52:22","a:1:{i:804;s:9:""Orac'List"";}",NULL
"26945","2914","507","2024-12-16 22:20:16","a:1:{i:804;s:27:""Loups-Garous de Thiercelist"";}",NULL
"27713","3053","507","2024-12-17 08:57:30","a:1:{i:804;s:27:""Loups-Garous de Thiercelist"";}",NULL
"26690","2895","507","2024-12-16 21:56:37","a:1:{i:804;s:9:""Orac'List"";}",NULL
"27458","2636","507","2024-12-17 00:46:07","a:1:{i:804;s:9:""Orac'List"";}",NULL
"26691","2751","507","2024-12-16 21:56:38","a:1:{i:804;s:27:""Loups-Garous de Thiercelist"";}",NULL
"26947","2482","507","2024-12-16 22:21:19","a:1:{i:804;s:9:""Orac'List"";}",NULL
"27459","2538","507","2024-12-17 00:46:11","a:1:{i:804;s:27:""Loups-Garous de Thiercelist"";}",NULL
"27716","2062","507","2024-12-17 08:58:18","a:1:{i:804;s:9:""Orac'List"";}",NULL
"26949","2661","507","2024-12-16 22:21:27","a:1:{i:804;s:9:""Orac'List"";}",NULL
"26438","2680","507","2024-12-16 21:47:29","a:1:{i:804;s:9:""Orac'List"";}",NULL
"26694","2728","507","2024-12-16 21:56:42","a:1:{i:804;s:9:""Orac'List"";}",NULL
"26950","3177","507","2024-12-16 22:21:28","a:1:{i:804;s:27:""Loups-Garous de Thiercelist"";}",NULL
"27206","2903","507","2024-12-16 22:53:34","a:1:{i:804;s:9:""Orac'List"";}",NULL
"26695","2911","507","2024-12-16 21:56:43","a:1:{i:804;s:9:""Orac'List"";}",NULL
"27463","1804","507","2024-12-17 00:56:05","a:1:{i:804;s:27:""Loups-Garous de Thiercelist"";}",NULL
"27719","2493","507","2024-12-17 08:59:21","a:1:{i:804;s:9:""Orac'List"";}",NULL
"27208","2481","507","2024-12-16 22:53:54","a:1:{i:804;s:9:""Orac'List"";}",NULL
"27722","2191","507","2024-12-17 09:01:30","a:1:{i:804;s:27:""Loups-Garous de Thiercelist"";}",NULL
"26700","2471","507","2024-12-16 21:56:51","a:1:{i:804;s:9:""Orac'List"";}",NULL
"26956","2488","507","2024-12-16 22:22:36","a:1:{i:804;s:9:""Orac'List"";}",NULL
"27468","2484","507","2024-12-17 00:58:18","a:1:{i:804;s:27:""Loups-Garous de Thiercelist"";}",NULL
"27724","2130","507","2024-12-17 09:01:49","a:1:{i:804;s:9:""Orac'List"";}",NULL
"26445","3178","507","2024-12-16 21:47:37","a:1:{i:804;s:27:""Loups-Garous de Thiercelist"";}",NULL
"26701","2743","507","2024-12-16 21:56:52","a:1:{i:804;s:27:""Loups-Garous de Thiercelist"";}",NULL
"27469","3006","507","2024-12-17 00:59:07","a:1:{i:804;s:27:""Loups-Garous de Thiercelist"";}",NULL
"26958","2490","507","2024-12-16 22:22:37","a:1:{i:804;s:9:""Orac'List"";}",NULL
"26447","2333","507","2024-12-16 21:47:41","a:1:{i:804;s:9:""Orac'List"";}",NULL
"27727","2154","507","2024-12-17 09:04:42","a:1:{i:804;s:27:""Loups-Garous de Thiercelist"";}",NULL
"27216","2476","507","2024-12-16 22:55:31","a:1:{i:804;s:9:""Orac'List"";}",NULL
"27217","3048","507","2024-12-16 22:55:34","a:1:{i:804;s:27:""Loups-Garous de Thiercelist"";}",NULL
"26451","3004","507","2024-12-16 21:47:43","a:1:{i:804;s:9:""Orac'List"";}",NULL
"26707","2916","507","2024-12-16 21:57:06","a:1:{i:804;s:9:""Orac'List"";}",NULL
"27475","3037","507","2024-12-17 01:01:19","a:1:{i:804;s:9:""Orac'List"";}",NULL
"26452","2980","507","2024-12-16 21:47:45","a:1:{i:804;s:9:""Orac'List"";}",NULL
"26964","3038","507","2024-12-16 22:23:51","a:1:{i:804;s:9:""Orac'List"";}",NULL
"27220","3170","507","2024-12-16 22:56:21","a:1:{i:804;s:27:""Loups-Garous de Thiercelist"";}",NULL
"27733","2925","507","2024-12-17 09:10:30","a:1:{i:804;s:9:""Orac'List"";}",NULL
"27222","1833","507","2024-12-16 22:56:35","a:1:{i:804;s:9:""Orac'List"";}",NULL
"27478","3098","507","2024-12-17 01:03:07","a:1:{i:804;s:9:""Orac'List"";}",NULL
"26455","2453","507","2024-12-16 21:47:49","a:1:{i:804;s:9:""Orac'List"";}",NULL
"27735","1858","507","2024-12-17 09:10:56","a:1:{i:804;s:9:""Orac'List"";}",NULL
"26456","2532","507","2024-12-16 21:47:49","a:1:{i:804;s:27:""Loups-Garous de Thiercelist"";}",NULL
"26712","2744","507","2024-12-16 21:57:30","a:1:{i:804;s:9:""Orac'List"";}",NULL
"26457","3047","507","2024-12-16 21:47:52","a:1:{i:804;s:9:""Orac'List"";}",NULL
"27481","3114","507","2024-12-17 01:07:28","a:1:{i:804;s:27:""Loups-Garous de Thiercelist"";}",NULL
"27737","3093","507","2024-12-17 09:12:19","a:1:{i:804;s:27:""Loups-Garous de Thiercelist"";}",NULL
"26458","3076","507","2024-12-16 21:47:56","a:1:{i:804;s:27:""Loups-Garous de Thiercelist"";}",NULL
"27482","2957","507","2024-12-17 01:08:06","a:1:{i:804;s:9:""Orac'List"";}",NULL
"27739","3137","507","2024-12-17 09:13:03","a:1:{i:804;s:27:""Loups-Garous de Thiercelist"";}",NULL
"26461","2948","507","2024-12-16 21:48:00","a:1:{i:804;s:9:""Orac'List"";}",NULL
"27229","2695","507","2024-12-16 22:57:59","a:1:{i:804;s:9:""Orac'List"";}",NULL
"27741","2178","507","2024-12-17 09:16:26","a:1:{i:804;s:27:""Loups-Garous de Thiercelist"";}",NULL
"26974","2535","507","2024-12-16 22:24:50","a:1:{i:804;s:9:""Orac'List"";}",NULL
"27230","2701","507","2024-12-16 22:58:07","a:1:{i:804;s:9:""Orac'List"";}",NULL
"27487","3096","507","2024-12-17 01:11:30","a:1:{i:804;s:27:""Loups-Garous de Thiercelist"";}",NULL
"27743","2194","507","2024-12-17 09:17:10","a:1:{i:804;s:27:""Loups-Garous de Thiercelist"";}",NULL
"26465","3172","507","2024-12-16 21:48:05","a:1:{i:804;s:9:""Orac'List"";}",NULL
"26721","3156","507","2024-12-16 21:58:01","a:1:{i:804;s:9:""Orac'List"";}",NULL
"26722","2904","507","2024-12-16 21:58:02","a:1:{i:804;s:27:""Loups-Garous de Thiercelist"";}",NULL
"27234","2491","507","2024-12-16 22:58:43","a:1:{i:804;s:9:""Orac'List"";}",NULL
"27490","2555","507","2024-12-17 01:14:16","a:1:{i:804;s:9:""Orac'List"";}",NULL
"26723","2968","507","2024-12-16 21:58:25","a:1:{i:804;s:9:""Orac'List"";}",NULL
"27492","2923","507","2024-12-17 01:18:19","a:1:{i:804;s:27:""Loups-Garous de Thiercelist"";}",NULL
"27237","2749","507","2024-12-16 22:59:17","a:1:{i:804;s:27:""Loups-Garous de Thiercelist"";}",NULL
"26470","3141","507","2024-12-16 21:48:12","a:1:{i:804;s:9:""Orac'List"";}",NULL
"27238","2705","507","2024-12-16 22:59:26","a:1:{i:804;s:9:""Orac'List"";}",NULL
"27751","2724","507","2024-12-17 09:21:28","a:1:{i:804;s:9:""Orac'List"";}",NULL
"26984","3143","507","2024-12-16 22:26:03","a:1:{i:804;s:27:""Loups-Garous de Thiercelist"";}",NULL
"27240","2941","507","2024-12-16 23:01:23","a:1:{i:804;s:9:""Orac'List"";}",NULL
"26730","2977","507","2024-12-16 21:58:42","a:1:{i:804;s:9:""Orac'List"";}",NULL
"27754","2477","507","2024-12-17 09:23:24","a:1:{i:804;s:9:""Orac'List"";}",NULL
"26731","1880","507","2024-12-16 21:58:45","a:1:{i:804;s:9:""Orac'List"";}",NULL
"27499","2463","507","2024-12-17 01:38:30","a:1:{i:804;s:27:""Loups-Garous de Thiercelist"";}",NULL
"27244","2726","507","2024-12-16 23:02:48","a:1:{i:804;s:27:""Loups-Garous de Thiercelist"";}",NULL
"27500","3065","507","2024-12-17 01:45:00","a:1:{i:804;s:9:""Orac'List"";}",NULL
"26477","3196","507","2024-12-16 21:48:29","a:1:{i:804;s:9:""Orac'List"";}",NULL
"26734","2580","507","2024-12-16 21:58:56","a:1:{i:804;s:9:""Orac'List"";}",NULL
"26990","3056","507","2024-12-16 22:26:28","a:1:{i:804;s:9:""Orac'List"";}",NULL
"27246","3147","507","2024-12-16 23:03:36","a:1:{i:804;s:9:""Orac'List"";}",NULL
"27758","2087","507","2024-12-17 09:25:39","a:1:{i:804;s:9:""Orac'List"";}",NULL
"26735","2517","507","2024-12-16 21:58:57","a:1:{i:804;s:9:""Orac'List"";}",NULL
"26991","3007","507","2024-12-16 22:26:38","a:1:{i:804;s:9:""Orac'List"";}",NULL
"26992","3207","507","2024-12-16 22:26:44","a:1:{i:804;s:9:""Orac'List"";}",NULL
"26993","2572","507","2024-12-16 22:26:47","a:1:{i:804;s:9:""Orac'List"";}",NULL
"27505","2959","507","2024-12-17 01:49:15","a:1:{i:804;s:27:""Loups-Garous de Thiercelist"";}",NULL
"26994","2593","507","2024-12-16 22:26:56","a:1:{i:804;s:27:""Loups-Garous de Thiercelist"";}",NULL
"27250","2683","507","2024-12-16 23:04:53","a:1:{i:804;s:9:""Orac'List"";}",NULL
"27762","2718","507","2024-12-17 09:26:58","a:1:{i:804;s:9:""Orac'List"";}",NULL
"26996","2541","507","2024-12-16 22:27:19","a:1:{i:804;s:27:""Loups-Garous de Thiercelist"";}",NULL
"27508","3066","507","2024-12-17 01:59:29","a:1:{i:804;s:9:""Orac'List"";}",NULL
"26741","3105","507","2024-12-16 21:59:27","a:1:{i:804;s:9:""Orac'List"";}",NULL
"26997","3002","507","2024-12-16 22:27:27","a:1:{i:804;s:27:""Loups-Garous de Thiercelist"";}",NULL
"26486","3009","507","2024-12-16 21:48:41","a:1:{i:804;s:9:""Orac'List"";}",NULL
"26742","2619","507","2024-12-16 21:59:28","a:1:{i:804;s:9:""Orac'List"";}",NULL
"27254","2984","507","2024-12-16 23:05:57","a:1:{i:804;s:27:""Loups-Garous de Thiercelist"";}",NULL
"27766","2099","507","2024-12-17 09:31:27","a:1:{i:804;s:27:""Loups-Garous de Thiercelist"";}",NULL
"26487","2468","507","2024-12-16 21:48:41","a:1:{i:804;s:9:""Orac'List"";}",NULL
"27255","3180","507","2024-12-16 23:06:04","a:1:{i:804;s:9:""Orac'List"";}",NULL
"27511","2729","507","2024-12-17 02:21:44","a:1:{i:804;s:9:""Orac'List"";}",NULL
"27767","2162","507","2024-12-17 09:31:43","a:1:{i:804;s:27:""Loups-Garous de Thiercelist"";}",NULL
"26744","2065","507","2024-12-16 21:59:56","a:1:{i:804;s:27:""Loups-Garous de Thiercelist"";}",NULL
"27000","3155","507","2024-12-16 22:27:41","a:1:{i:804;s:27:""Loups-Garous de Thiercelist"";}",NULL
"27768","2775","507","2024-12-17 09:34:11","a:1:{i:804;s:9:""Orac'List"";}",NULL
"26489","2946","507","2024-12-16 21:48:42","a:1:{i:804;s:9:""Orac'List"";}",NULL
"27001","2575","507","2024-12-16 22:27:42","a:1:{i:804;s:9:""Orac'List"";}",NULL
"27257","1789","507","2024-12-16 23:06:50","a:1:{i:804;s:27:""Loups-Garous de Thiercelist"";}",NULL
"27513","2613","507","2024-12-17 02:36:23","a:1:{i:804;s:9:""Orac'List"";}",NULL
"26746","2452","507","2024-12-16 22:00:02","a:1:{i:804;s:27:""Loups-Garous de Thiercelist"";}",NULL
"27514","1975","507","2024-12-17 02:51:21","a:1:{i:804;s:9:""Orac'List"";}",NULL
"27259","1775","507","2024-12-16 23:07:33","a:1:{i:804;s:27:""Loups-Garous de Thiercelist"";}",NULL
"27261","2643","507","2024-12-16 23:08:02","a:1:{i:804;s:9:""Orac'List"";}",NULL
"27773","2571","507","2024-12-17 09:42:57","a:1:{i:804;s:9:""Orac'List"";}",NULL
"26494","2964","507","2024-12-16 21:48:49","a:1:{i:804;s:9:""Orac'List"";}",NULL
"26750","2604","507","2024-12-16 22:00:17","a:1:{i:804;s:9:""Orac'List"";}",NULL
"27006","2496","507","2024-12-16 22:28:17","a:1:{i:804;s:9:""Orac'List"";}",NULL
"26495","2963","507","2024-12-16 21:48:49","a:1:{i:804;s:27:""Loups-Garous de Thiercelist"";}",NULL
"27263","3036","507","2024-12-16 23:09:41","a:1:{i:804;s:9:""Orac'List"";}",NULL
"27519","1715","507","2024-12-17 06:27:10","a:1:{i:804;s:9:""Orac'List"";}",NULL
"26496","2961","507","2024-12-16 21:48:55","a:1:{i:804;s:9:""Orac'List"";}",NULL
"26752","2152","507","2024-12-16 22:00:24","a:1:{i:804;s:9:""Orac'List"";}",NULL
"27264","2686","507","2024-12-16 23:10:09","a:1:{i:804;s:9:""Orac'List"";}",NULL
"27520","1897","507","2024-12-17 06:41:14","a:1:{i:804;s:27:""Loups-Garous de Thiercelist"";}",NULL
"27776","2340","507","2024-12-17 09:44:39","a:1:{i:804;s:9:""Orac'List"";}",NULL
"26753","2950","507","2024-12-16 22:00:28","a:1:{i:804;s:27:""Loups-Garous de Thiercelist"";}",NULL
"27521","2304","507","2024-12-17 06:42:02","a:1:{i:804;s:9:""Orac'List"";}",NULL
"26754","2531","507","2024-12-16 22:00:28","a:1:{i:804;s:27:""Loups-Garous de Thiercelist"";}",NULL
"27011","2483","507","2024-12-16 22:28:55","a:1:{i:804;s:9:""Orac'List"";}",NULL
"27267","1751","507","2024-12-16 23:10:39","a:1:{i:804;s:27:""Loups-Garous de Thiercelist"";}",NULL
"27779","2203","507","2024-12-17 09:47:51","a:1:{i:804;s:27:""Loups-Garous de Thiercelist"";}",NULL
"27012","3071","507","2024-12-16 22:28:56","a:1:{i:804;s:9:""Orac'List"";}",NULL
"27268","2505","507","2024-12-16 23:10:44","a:1:{i:804;s:27:""Loups-Garous de Thiercelist"";}",NULL
"27782","2603","507","2024-12-17 09:48:39","a:1:{i:804;s:9:""Orac'List"";}",NULL
"27015","3117","507","2024-12-16 22:29:24","a:1:{i:804;s:9:""Orac'List"";}",NULL
"27527","2287","507","2024-12-17 06:50:02","a:1:{i:804;s:27:""Loups-Garous de Thiercelist"";}",NULL
"27528","2902","507","2024-12-17 06:52:27","a:1:{i:804;s:9:""Orac'List"";}",NULL
"26761","2279","507","2024-12-16 22:01:23","a:1:{i:804;s:9:""Orac'List"";}",NULL
"27017","3122","507","2024-12-16 22:29:52","a:1:{i:804;s:27:""Loups-Garous de Thiercelist"";}",NULL
"27273","2721","507","2024-12-16 23:11:15","a:1:{i:804;s:9:""Orac'List"";}",NULL
"27785","2697","507","2024-12-17 09:49:28","a:1:{i:804;s:27:""Loups-Garous de Thiercelist"";}",NULL
"26762","2587","507","2024-12-16 22:01:31","a:1:{i:804;s:9:""Orac'List"";}",NULL
"27274","2576","507","2024-12-16 23:11:20","a:1:{i:804;s:9:""Orac'List"";}",NULL
"27530","3244","507","2024-12-17 07:24:38","a:1:{i:804;s:9:""Orac'List"";}",NULL
"27786","1852","507","2024-12-17 09:50:00","a:1:{i:804;s:27:""Loups-Garous de Thiercelist"";}",NULL
"26763","3024","507","2024-12-16 22:01:34","a:1:{i:804;s:27:""Loups-Garous de Thiercelist"";}",NULL
"27275","2770","507","2024-12-16 23:11:44","a:1:{i:804;s:5:""Blanc"";}",NULL
"27531","1972","507","2024-12-17 07:25:38","a:1:{i:804;s:27:""Loups-Garous de Thiercelist"";}",NULL
"26508","2931","507","2024-12-16 21:49:12","a:1:{i:804;s:9:""Orac'List"";}",NULL
"27020","3163","507","2024-12-16 22:30:12","a:1:{i:804;s:9:""Orac'List"";}",NULL
"27021","2506","507","2024-12-16 22:30:12","a:1:{i:804;s:9:""Orac'List"";}",NULL
"27277","2665","507","2024-12-16 23:12:28","a:1:{i:804;s:9:""Orac'List"";}",NULL
"26766","2533","507","2024-12-16 22:01:44","a:1:{i:804;s:27:""Loups-Garous de Thiercelist"";}",NULL
"27534","2579","507","2024-12-17 07:30:51","a:1:{i:804;s:9:""Orac'List"";}",NULL
"26512","3014","507","2024-12-16 21:49:26","a:1:{i:804;s:27:""Loups-Garous de Thiercelist"";}",NULL
"27536","2137","507","2024-12-17 07:32:17","a:1:{i:804;s:9:""Orac'List"";}",NULL
"26769","1839","507","2024-12-16 22:01:56","a:1:{i:804;s:27:""Loups-Garous de Thiercelist"";}",NULL
"27281","3027","507","2024-12-16 23:13:31","a:1:{i:804;s:9:""Orac'List"";}",NULL
"27793","2979","507","2024-12-17 09:53:21","a:1:{i:804;s:9:""Orac'List"";}",NULL
"27538","2278","507","2024-12-17 07:33:38","a:1:{i:804;s:9:""Orac'List"";}",NULL
"26515","2070","507","2024-12-16 21:49:30","a:1:{i:804;s:9:""Orac'List"";}",NULL
"26771","3148","507","2024-12-16 22:01:59","a:1:{i:804;s:9:""Orac'List"";}",NULL
"27027","2454","507","2024-12-16 22:30:30","a:1:{i:804;s:27:""Loups-Garous de Thiercelist"";}",NULL
"27795","2145","507","2024-12-17 09:54:16","a:1:{i:804;s:9:""Orac'List"";}",NULL
"27540","3173","507","2024-12-17 07:34:32","a:1:{i:804;s:27:""Loups-Garous de Thiercelist"";}",NULL
"27796","2371","507","2024-12-17 09:54:22","a:1:{i:804;s:9:""Orac'List"";}",NULL
"26517","3118","507","2024-12-16 21:49:36","a:1:{i:804;s:27:""Loups-Garous de Thiercelist"";}",NULL
"27285","3208","507","2024-12-16 23:15:26","a:1:{i:804;s:9:""Orac'List"";}",NULL
"26518","2498","507","2024-12-16 21:49:36","a:1:{i:804;s:9:""Orac'List"";}",NULL
"27286","2691","507","2024-12-16 23:15:33","a:1:{i:804;s:27:""Loups-Garous de Thiercelist"";}",NULL
"27542","2656","507","2024-12-17 07:35:09","a:1:{i:804;s:9:""Orac'List"";}",NULL
"27031","2918","507","2024-12-16 22:30:49","a:1:{i:804;s:9:""Orac'List"";}",NULL
"27799","2120","507","2024-12-17 09:55:00","a:1:{i:804;s:9:""Orac'List"";}",NULL
"26520","2464","507","2024-12-16 21:49:38","a:1:{i:804;s:9:""Orac'List"";}",NULL
"27544","1724","507","2024-12-17 07:37:15","a:1:{i:804;s:9:""Orac'List"";}",NULL
"26777","3197","507","2024-12-16 22:02:22","a:1:{i:804;s:9:""Orac'List"";}",NULL
"27289","2972","507","2024-12-16 23:17:58","a:1:{i:804;s:27:""Loups-Garous de Thiercelist"";}",NULL
"27803","2907","507","2024-12-17 09:56:02","a:1:{i:804;s:9:""Orac'List"";}",NULL
"26524","3106","507","2024-12-16 21:49:47","a:1:{i:804;s:9:""Orac'List"";}",NULL
"26780","3064","507","2024-12-16 22:02:32","a:1:{i:804;s:27:""Loups-Garous de Thiercelist"";}",NULL
"27292","2919","507","2024-12-16 23:19:24","a:1:{i:804;s:9:""Orac'List"";}",NULL
"27548","2995","507","2024-12-17 07:41:28","a:1:{i:804;s:27:""Loups-Garous de Thiercelist"";}",NULL
"26781","3032","507","2024-12-16 22:02:38","a:1:{i:804;s:9:""Orac'List"";}",NULL
"27549","2188","507","2024-12-17 07:41:46","a:1:{i:804;s:9:""Orac'List"";}",NULL
"27038","2460","507","2024-12-16 22:31:16","a:1:{i:804;s:9:""Orac'List"";}",NULL
"27806","2470","507","2024-12-17 09:57:31","a:1:{i:804;s:9:""Orac'List"";}",NULL
"26783","2467","507","2024-12-16 22:02:45","a:1:{i:804;s:9:""Orac'List"";}",NULL
"27039","2717","507","2024-12-16 22:31:18","a:1:{i:804;s:9:""Orac'List"";}",NULL
"26528","2362","507","2024-12-16 21:49:52","a:1:{i:804;s:9:""Orac'List"";}",NULL
"27040","2993","507","2024-12-16 22:31:21","a:1:{i:804;s:27:""Loups-Garous de Thiercelist"";}",NULL
"26529","2281","507","2024-12-16 21:49:52","a:1:{i:804;s:9:""Orac'List"";}",NULL
"27297","2589","507","2024-12-16 23:21:10","a:1:{i:804;s:9:""Orac'List"";}",NULL
"27553","3054","507","2024-12-17 07:42:29","a:1:{i:804;s:9:""Orac'List"";}",NULL
"26530","2462","507","2024-12-16 21:49:53","a:1:{i:804;s:9:""Orac'List"";}",NULL
"26786","2889","507","2024-12-16 22:03:02","a:1:{i:804;s:9:""Orac'List"";}",NULL
"27554","3097","507","2024-12-17 07:42:31","a:1:{i:804;s:27:""Loups-Garous de Thiercelist"";}",NULL
"27810","3120","507","2024-12-17 10:04:45","a:1:{i:804;s:9:""Orac'List"";}",NULL
"26531","1686","507","2024-12-16 21:50:00","a:1:{i:804;s:27:""Loups-Garous de Thiercelist"";}",NULL
"26532","3019","507","2024-12-16 21:50:02","a:1:{i:804;s:27:""Loups-Garous de Thiercelist"";}",NULL
"26788","2998","507","2024-12-16 22:03:09","a:1:{i:804;s:27:""Loups-Garous de Thiercelist"";}",NULL
"27044","3040","507","2024-12-16 22:31:35","a:1:{i:804;s:9:""Orac'List"";}",NULL
"27300","2660","507","2024-12-16 23:21:47","a:1:{i:804;s:9:""Orac'List"";}",NULL
"26533","2769","507","2024-12-16 21:50:09","a:1:{i:804;s:9:""Orac'List"";}",NULL
"27813","1780","507","2024-12-17 10:06:03","a:1:{i:804;s:9:""Orac'List"";}",NULL
"26790","3186","507","2024-12-16 22:03:26","a:1:{i:804;s:9:""Orac'List"";}",NULL
"27046","2678","507","2024-12-16 22:31:37","a:1:{i:804;s:9:""Orac'List"";}",NULL
"27302","2681","507","2024-12-16 23:21:58","a:1:{i:804;s:9:""Orac'List"";}",NULL
"26791","1787","507","2024-12-16 22:03:28","a:1:{i:804;s:9:""Orac'List"";}",NULL
"27047","2654","507","2024-12-16 22:31:38","a:1:{i:804;s:27:""Loups-Garous de Thiercelist"";}",NULL
"27048","3112","507","2024-12-16 22:31:47","a:1:{i:804;s:9:""Orac'List"";}",NULL
"27816","2611","507","2024-12-17 10:07:19","a:1:{i:804;s:9:""Orac'List"";}",NULL
"26793","2564","507","2024-12-16 22:03:44","a:1:{i:804;s:27:""Loups-Garous de Thiercelist"";}",NULL
"27050","2777","507","2024-12-16 22:31:55","a:1:{i:804;s:9:""Orac'List"";}",NULL
"27562","2615","507","2024-12-17 07:45:43","a:1:{i:804;s:9:""Orac'List"";}",NULL
"27818","2344","507","2024-12-17 10:07:39","a:1:{i:804;s:9:""Orac'List"";}",NULL
"27051","2939","507","2024-12-16 22:32:03","a:1:{i:804;s:27:""Loups-Garous de Thiercelist"";}",NULL
"27563","1733","507","2024-12-17 07:45:45","a:1:{i:804;s:9:""Orac'List"";}",NULL
"27564","1861","507","2024-12-17 07:45:48","a:1:{i:804;s:9:""Orac'List"";}",NULL
"27309","3060","507","2024-12-16 23:23:40","a:1:{i:804;s:9:""Orac'List"";}",NULL
"27821","1714","507","2024-12-17 10:08:29","a:1:{i:804;s:27:""Loups-Garous de Thiercelist"";}",NULL
"26798","1817","507","2024-12-16 22:04:07","a:1:{i:804;s:9:""Orac'List"";}",NULL
"27310","2706","507","2024-12-16 23:23:44","a:1:{i:804;s:9:""Orac'List"";}",NULL
"26543","2049","507","2024-12-16 21:50:49","a:1:{i:804;s:27:""Loups-Garous de Thiercelist"";}",NULL
"26545","3028","507","2024-12-16 21:50:54","a:1:{i:804;s:9:""Orac'List"";}",NULL
"27313","3150","507","2024-12-16 23:24:00","a:1:{i:804;s:9:""Orac'List"";}",NULL
"26546","2955","507","2024-12-16 21:50:55","a:1:{i:804;s:9:""Orac'List"";}",NULL
"27058","2290","507","2024-12-16 22:32:38","a:1:{i:804;s:9:""Orac'List"";}",NULL
"27570","1903","507","2024-12-17 07:50:15","a:1:{i:804;s:9:""Orac'List"";}",NULL
"27826","2694","507","2024-12-17 10:09:52","a:1:{i:804;s:9:""Orac'List"";}",NULL
"27059","2969","507","2024-12-16 22:32:42","a:1:{i:804;s:27:""Loups-Garous de Thiercelist"";}",NULL
"27571","2504","507","2024-12-17 07:50:53","a:1:{i:804;s:9:""Orac'List"";}",NULL
"26804","2164","507","2024-12-16 22:04:46","a:1:{i:804;s:27:""Loups-Garous de Thiercelist"";}",NULL
"26549","2981","507","2024-12-16 21:51:02","a:1:{i:804;s:9:""Orac'List"";}",NULL
"26805","1744","507","2024-12-16 22:04:53","a:1:{i:804;s:9:""Orac'List"";}",NULL
"27829","2511","507","2024-12-17 10:11:13","a:1:{i:804;s:9:""Orac'List"";}",NULL
"27318","2978","507","2024-12-16 23:24:21","a:1:{i:804;s:9:""Orac'List"";}",NULL
"27063","2696","507","2024-12-16 22:32:52","a:1:{i:804;s:9:""Orac'List"";}",NULL
"27319","1853","507","2024-12-16 23:24:24","a:1:{i:804;s:9:""Orac'List"";}",NULL
"26552","2912","507","2024-12-16 21:51:13","a:1:{i:804;s:9:""Orac'List"";}",NULL
"27320","2730","507","2024-12-16 23:24:29","a:1:{i:804;s:9:""Orac'List"";}",NULL
"27833","2103","507","2024-12-17 10:12:43","a:1:{i:804;s:9:""Orac'List"";}",NULL
"27579","2663","507","2024-12-17 07:55:40","a:1:{i:804;s:27:""Loups-Garous de Thiercelist"";}",NULL
"26556","3021","507","2024-12-16 21:51:24","a:1:{i:804;s:9:""Orac'List"";}",NULL
"26812","2306","507","2024-12-16 22:05:07","a:1:{i:804;s:9:""Orac'List"";}",NULL
"26557","3104","507","2024-12-16 21:51:25","a:1:{i:804;s:9:""Orac'List"";}",NULL
"26813","3016","507","2024-12-16 22:05:16","a:1:{i:804;s:9:""Orac'List"";}",NULL
"27069","2722","507","2024-12-16 22:33:08","a:1:{i:804;s:9:""Orac'List"";}",NULL
"27325","2552","507","2024-12-16 23:25:54","a:1:{i:804;s:9:""Orac'List"";}",NULL
"26558","3135","507","2024-12-16 21:51:26","a:1:{i:804;s:9:""Orac'List"";}",NULL
"26814","2059","507","2024-12-16 22:05:23","a:1:{i:804;s:9:""Orac'List"";}",NULL
"26815","1921","507","2024-12-16 22:05:26","a:1:{i:804;s:9:""Orac'List"";}",NULL
"27583","2746","507","2024-12-17 07:59:19","a:1:{i:804;s:9:""Orac'List"";}",NULL
"27072","2586","507","2024-12-16 22:33:19","a:1:{i:804;s:27:""Loups-Garous de Thiercelist"";}",NULL
"27328","1736","507","2024-12-16 23:27:38","a:1:{i:804;s:9:""Orac'List"";}",NULL
"26561","2900","507","2024-12-16 21:51:26","a:1:{i:804;s:9:""Orac'List"";}",NULL
"26818","1718","507","2024-12-16 22:05:41","a:1:{i:804;s:27:""Loups-Garous de Thiercelist"";}",NULL
"27330","2299","507","2024-12-16 23:27:56","a:1:{i:804;s:27:""Loups-Garous de Thiercelist"";}",NULL
"27586","2675","507","2024-12-17 08:03:01","a:1:{i:804;s:9:""Orac'List"";}",NULL
"26820","3045","507","2024-12-16 22:05:44","a:1:{i:804;s:9:""Orac'List"";}",NULL
"27588","1799","507","2024-12-17 08:03:40","a:1:{i:804;s:27:""Loups-Garous de Thiercelist"";}",NULL
"27333","3203","507","2024-12-16 23:30:04","a:1:{i:804;s:9:""Orac'List"";}",NULL
"27589","3063","507","2024-12-17 08:04:07","a:1:{i:804;s:9:""Orac'List"";}",NULL
"27078","3115","507","2024-12-16 22:33:37","a:1:{i:804;s:27:""Loups-Garous de Thiercelist"";}",NULL
"27334","2768","507","2024-12-16 23:30:47","a:1:{i:804;s:9:""Orac'List"";}",NULL
"26567","2733","507","2024-12-16 21:51:40","a:1:{i:804;s:27:""Loups-Garous de Thiercelist"";}",NULL
"26568","3049","507","2024-12-16 21:51:42","a:1:{i:804;s:9:""Orac'List"";}",NULL
"27592","2232","507","2024-12-17 08:04:43","a:1:{i:804;s:9:""Orac'List"";}",NULL
"26569","3052","507","2024-12-16 21:51:42","a:1:{i:804;s:9:""Orac'List"";}",NULL
"26825","3134","507","2024-12-16 22:06:22","a:1:{i:804;s:9:""Orac'List"";}",NULL
"27593","3005","507","2024-12-17 08:04:43","a:1:{i:804;s:27:""Loups-Garous de Thiercelist"";}",NULL
"26826","3031","507","2024-12-16 22:06:32","a:1:{i:804;s:9:""Orac'List"";}",NULL
"27082","3011","507","2024-12-16 22:33:54","a:1:{i:804;s:9:""Orac'List"";}",NULL
"27083","3111","507","2024-12-16 22:33:58","a:1:{i:804;s:9:""Orac'List"";}",NULL
"27595","1741","507","2024-12-17 08:05:11","a:1:{i:804;s:27:""Loups-Garous de Thiercelist"";}",NULL
"27084","2497","507","2024-12-16 22:34:03","a:1:{i:804;s:27:""Loups-Garous de Thiercelist"";}",NULL
"27085","2997","507","2024-12-16 22:34:06","a:1:{i:804;s:9:""Orac'List"";}",NULL
"27341","3199","507","2024-12-16 23:32:06","a:1:{i:804;s:9:""Orac'List"";}",NULL
"27342","2947","507","2024-12-16 23:32:10","a:1:{i:804;s:9:""Orac'List"";}",NULL
"26575","2893","507","2024-12-16 21:51:50","a:1:{i:804;s:27:""Loups-Garous de Thiercelist"";}",NULL
"26831","3161","507","2024-12-16 22:06:43","a:1:{i:804;s:9:""Orac'List"";}",NULL
"27599","2341","507","2024-12-17 08:06:34","a:1:{i:804;s:9:""Orac'List"";}",NULL
"26833","2131","507","2024-12-16 22:07:16","a:1:{i:804;s:9:""Orac'List"";}",NULL
"27089","3092","507","2024-12-16 22:34:40","a:1:{i:804;s:9:""Orac'List"";}",NULL
"27601","2668","507","2024-12-17 08:08:53","a:1:{i:804;s:9:""Orac'List"";}",NULL
"26578","3058","507","2024-12-16 21:51:52","a:1:{i:804;s:27:""Loups-Garous de Thiercelist"";}",NULL
"27090","2929","507","2024-12-16 22:34:40","a:1:{i:804;s:27:""Loups-Garous de Thiercelist"";}",NULL
"27091","3140","507","2024-12-16 22:34:45","a:1:{i:804;s:9:""Orac'List"";}",NULL
"26836","1882","507","2024-12-16 22:07:27","a:1:{i:804;s:9:""Orac'List"";}",NULL
"27092","3103","507","2024-12-16 22:34:54","a:1:{i:804;s:27:""Loups-Garous de Thiercelist"";}",NULL
"27604","2487","507","2024-12-17 08:10:12","a:1:{i:804;s:9:""Orac'List"";}",NULL
"26581","2971","507","2024-12-16 21:52:00","a:1:{i:804;s:9:""Orac'List"";}",NULL
"27349","3034","507","2024-12-16 23:33:24","a:1:{i:804;s:9:""Orac'List"";}",NULL
"26582","3101","507","2024-12-16 21:52:01","a:1:{i:804;s:9:""Orac'List"";}",NULL
"27350","3153","507","2024-12-16 23:33:24","a:1:{i:804;s:9:""Orac'List"";}",NULL
"26583","3145","507","2024-12-16 21:52:04","a:1:{i:804;s:9:""Orac'List"";}",NULL
"27607","3085","507","2024-12-17 08:10:53","a:1:{i:804;s:9:""Orac'List"";}",NULL
"26585","3029","507","2024-12-16 21:52:05","a:1:{i:804;s:27:""Loups-Garous de Thiercelist"";}",NULL
"26841","2991","507","2024-12-16 22:07:57","a:1:{i:804;s:9:""Orac'List"";}",NULL
"27609","2692","507","2024-12-17 08:11:30","a:1:{i:804;s:9:""Orac'List"";}",NULL
"27098","2521","507","2024-12-16 22:36:17","a:1:{i:804;s:27:""Loups-Garous de Thiercelist"";}",NULL
"27100","2495","507","2024-12-16 22:36:38","a:1:{i:804;s:9:""Orac'List"";}",NULL
"26845","3023","507","2024-12-16 22:08:20","a:1:{i:804;s:27:""Loups-Garous de Thiercelist"";}",NULL
"27102","2938","507","2024-12-16 22:36:43","a:1:{i:804;s:27:""Loups-Garous de Thiercelist"";}",NULL
"27358","2096","507","2024-12-16 23:33:55","a:1:{i:804;s:9:""Orac'List"";}",NULL
"26591","2909","507","2024-12-16 21:52:21","a:1:{i:804;s:27:""Loups-Garous de Thiercelist"";}",NULL
"27359","2926","507","2024-12-16 23:34:04","a:1:{i:804;s:9:""Orac'List"";}",NULL
"26592","2585","507","2024-12-16 21:52:23","a:1:{i:804;s:27:""Loups-Garous de Thiercelist"";}",NULL
"26848","2594","507","2024-12-16 22:08:38","a:1:{i:804;s:9:""Orac'List"";}",NULL
"27616","2677","507","2024-12-17 08:16:16","a:1:{i:804;s:9:""Orac'List"";}",NULL
"26593","2610","507","2024-12-16 21:52:26","a:1:{i:804;s:9:""Orac'List"";}",NULL
"26594","3072","507","2024-12-16 21:52:27","a:1:{i:804;s:9:""Orac'List"";}",NULL
"27106","1719","507","2024-12-16 22:37:07","a:1:{i:804;s:27:""Loups-Garous de Thiercelist"";}",NULL
"26595","1807","507","2024-12-16 21:52:29","a:1:{i:804;s:9:""Orac'List"";}",NULL
"27107","2999","507","2024-12-16 22:37:07","a:1:{i:804;s:27:""Loups-Garous de Thiercelist"";}",NULL
"27619","2992","507","2024-12-17 08:17:10","a:1:{i:804;s:27:""Loups-Garous de Thiercelist"";}",NULL
"26596","1848","507","2024-12-16 21:52:31","a:1:{i:804;s:9:""Orac'List"";}",NULL
"27108","2785","507","2024-12-16 22:37:23","a:1:{i:804;s:9:""Orac'List"";}",NULL
"27364","2714","507","2024-12-16 23:34:22","a:1:{i:804;s:9:""Orac'List"";}",NULL
"27365","2568","507","2024-12-16 23:34:26","a:1:{i:804;s:9:""Orac'List"";}",NULL
"27621","2083","507","2024-12-17 08:17:58","a:1:{i:804;s:27:""Loups-Garous de Thiercelist"";}",NULL
"26599","2687","507","2024-12-16 21:52:35","a:1:{i:804;s:9:""Orac'List"";}",NULL
"26855","3125","507","2024-12-16 22:09:19","a:1:{i:804;s:9:""Orac'List"";}",NULL
"27111","2626","507","2024-12-16 22:37:37","a:1:{i:804;s:9:""Orac'List"";}",NULL
"27367","2076","507","2024-12-16 23:35:08","a:1:{i:804;s:9:""Orac'List"";}",NULL
"26600","2906","507","2024-12-16 21:52:42","a:1:{i:804;s:9:""Orac'List"";}",NULL
"26856","2520","507","2024-12-16 22:09:36","a:1:{i:804;s:27:""Loups-Garous de Thiercelist"";}",NULL
"27112","2759","507","2024-12-16 22:37:41","a:1:{i:804;s:9:""Orac'List"";}",NULL
"27625","2655","507","2024-12-17 08:20:27","a:1:{i:804;s:9:""Orac'List"";}",NULL
"26602","1712","507","2024-12-16 21:52:45","a:1:{i:804;s:9:""Orac'List"";}",NULL
"26603","1687","507","2024-12-16 21:52:55","a:1:{i:804;s:9:""Orac'List"";}",NULL
"27371","2231","507","2024-12-16 23:36:45","a:1:{i:804;s:27:""Loups-Garous de Thiercelist"";}",NULL
"26860","3113","507","2024-12-16 22:09:55","a:1:{i:804;s:27:""Loups-Garous de Thiercelist"";}",NULL
"26605","3012","507","2024-12-16 21:52:59","a:1:{i:804;s:27:""Loups-Garous de Thiercelist"";}",NULL
"27117","1854","507","2024-12-16 22:38:00","a:1:{i:804;s:9:""Orac'List"";}",NULL
"27629","2716","507","2024-12-17 08:20:47","a:1:{i:804;s:9:""Orac'List"";}",NULL
"26606","2930","507","2024-12-16 21:53:00","a:1:{i:804;s:27:""Loups-Garous de Thiercelist"";}",NULL
"26607","1798","507","2024-12-16 21:53:01","a:1:{i:804;s:9:""Orac'List"";}",NULL
"26863","2910","507","2024-12-16 22:10:24","a:1:{i:804;s:9:""Orac'List"";}",NULL
"27119","2745","507","2024-12-16 22:38:06","a:1:{i:804;s:27:""Loups-Garous de Thiercelist"";}",NULL
"26864","2725","507","2024-12-16 22:10:26","a:1:{i:804;s:27:""Loups-Garous de Thiercelist"";}",NULL
"27376","1894","507","2024-12-16 23:39:46","a:1:{i:804;s:9:""Orac'List"";}",NULL
"26866","3129","507","2024-12-16 22:10:52","a:1:{i:804;s:9:""Orac'List"";}",NULL
"27378","1735","507","2024-12-16 23:39:53","a:1:{i:804;s:9:""Orac'List"";}",NULL
"27634","2915","507","2024-12-17 08:23:03","a:1:{i:804;s:27:""Loups-Garous de Thiercelist"";}",NULL
"27123","2558","507","2024-12-16 22:38:37","a:1:{i:804;s:9:""Orac'List"";}",NULL
"27124","2510","507","2024-12-16 22:38:41","a:1:{i:804;s:9:""Orac'List"";}",NULL
"27380","2113","507","2024-12-16 23:40:20","a:1:{i:804;s:9:""Orac'List"";}",NULL
"27125","2556","507","2024-12-16 22:39:12","a:1:{i:804;s:27:""Loups-Garous de Thiercelist"";}",NULL
"27381","1825","507","2024-12-16 23:40:40","a:1:{i:804;s:9:""Orac'List"";}",NULL
"26358","3209","507","2024-12-16 21:45:12","a:1:{i:804;s:27:""Loups-Garous de Thiercelist"";}",NULL
"27638","2690","507","2024-12-17 08:23:45","a:1:{i:804;s:27:""Loups-Garous de Thiercelist"";}",NULL
"26615","2945","507","2024-12-16 21:53:23","a:1:{i:804;s:27:""Loups-Garous de Thiercelist"";}",NULL
"27383","1900","507","2024-12-16 23:42:16","a:1:{i:804;s:9:""Orac'List"";}",NULL
"27639","2172","507","2024-12-17 08:23:45","a:1:{i:804;s:27:""Loups-Garous de Thiercelist"";}",NULL
"27384","2174","507","2024-12-16 23:42:26","a:1:{i:804;s:9:""Orac'List"";}",NULL
"26361","3039","507","2024-12-16 21:45:24","a:1:{i:804;s:27:""Loups-Garous de Thiercelist"";}",NULL
"26362","3108","507","2024-12-16 21:45:25","a:1:{i:804;s:9:""Orac'List"";}",NULL
"26618","1916","507","2024-12-16 21:53:28","a:1:{i:804;s:9:""Orac'List"";}",NULL
"27642","2666","507","2024-12-17 08:27:28","a:1:{i:804;s:9:""Orac'List"";}",NULL
"26619","1748","507","2024-12-16 21:53:29","a:1:{i:804;s:9:""Orac'List"";}",NULL
"26875","2974","507","2024-12-16 22:12:13","a:1:{i:804;s:9:""Orac'List"";}",NULL
"27131","1938","507","2024-12-16 22:40:12","a:1:{i:804;s:9:""Orac'List"";}",NULL
"27643","2455","507","2024-12-17 08:29:40","a:1:{i:804;s:9:""Orac'List"";}",NULL
"26364","2565","507","2024-12-16 21:45:27","a:1:{i:804;s:9:""Orac'List"";}",NULL
"26620","1846","507","2024-12-16 21:53:30","a:1:{i:804;s:9:""Orac'List"";}",NULL
"27388","3157","507","2024-12-16 23:44:41","a:1:{i:804;s:9:""Orac'List"";}",NULL
"27644","3211","507","2024-12-17 08:29:49","a:1:{i:804;s:27:""Loups-Garous de Thiercelist"";}",NULL
"26366","2634","507","2024-12-16 21:45:39","a:1:{i:804;s:27:""Loups-Garous de Thiercelist"";}",NULL
"26367","3127","507","2024-12-16 21:45:39","a:1:{i:804;s:9:""Orac'List"";}",NULL
"27135","2700","507","2024-12-16 22:40:40","a:1:{i:804;s:27:""Loups-Garous de Thiercelist"";}",NULL
"27391","3000","507","2024-12-16 23:47:03","a:1:{i:804;s:9:""Orac'List"";}",NULL
"27647","2324","507","2024-12-17 08:32:21","a:1:{i:804;s:27:""Loups-Garous de Thiercelist"";}",NULL
